,id,model,recycle,plddt,ptm,iptm,RC,pdb_filepath,id_new,SCORE:,total_score,complex_normalized,dG_cross,dG_cross/dSASAx100,dG_separated,dG_separated/dSASAx100,dSASA_hphobic,dSASA_int,dSASA_polar,delta_unsatHbonds,dslf_fa13,fa_atr,fa_dun,fa_elec,fa_intra_rep,fa_intra_sol_xover4,fa_rep,fa_sol,hbond_E_fraction,hbond_bb_sc,hbond_lr_bb,hbond_sc,hbond_sr_bb,hbonds_int,lk_ball_wtd,nres_all,nres_int,omega,p_aa_pp,packstat,per_residue_energy_int,pro_close,rama_prepro,ref,sc_value,side1_normalized,side1_score,side2_normalized,side2_score,yhh_planarity,description
0,Lsb001,alphafold2_multimer_v3_model_3_seed_057,20,92.0,0.898,0.865,0.8716,vhh_al_001/af_m/54_v3/Lsb001_unrelaxed_rank_001_alphafold2_multimer_v3_model_3_seed_057.r20.pdb,Lsb001_00,SCORE:,-747.048,-3.113,-64.791,-3.083,-58.461,-2.782,990.94,2101.523,1110.583,9.0,-0.738,-1308.205,270.994,-459.359,2.417,37.179,178.179,778.598,0.33,-78.21,-119.7,-54.723,-24.258,16.0,-15.179,240.0,44.0,38.432,-62.97,0.605,-3.013,1.596,-10.26,78.95,0.602,-3.332,-69.98,-2.721,-62.592,0.209,Lsb001_00_0001_0001
1,Lsb001,alphafold2_multimer_v2_model_1_seed_044,19,92.9,0.887,0.86,0.8654000000000001,vhh_al_001/af_m/42_v2_t/Lsb001_unrelaxed_rank_001_alphafold2_multimer_v2_model_1_seed_044.r19.pdb,Lsb001_01,SCORE:,-749.2,-3.122,-55.485,-2.741,-48.092,-2.376,984.996,2024.345,1039.348,8.0,-0.518,-1304.171,267.461,-442.486,2.368,37.132,163.973,761.131,0.167,-68.668,-119.207,-49.88,-24.638,7.0,-20.029,240.0,49.0,33.639,-59.831,0.637,-3.001,1.168,-5.765,78.95,0.652,-2.924,-70.184,-3.074,-76.862,0.173,Lsb001_01_0001_0001
2,Lsb001,alphafold2_multimer_v3_model_3_seed_033,0,86.6,0.832,0.735,0.7544,vhh_al_001/af_m/30_v3/Lsb001_unrelaxed_rank_001_alphafold2_multimer_v3_model_3_seed_033.r0.pdb,Lsb001_02,SCORE:,-731.113,-3.046,-49.702,-2.469,-46.071,-2.289,1110.034,2013.043,903.009,7.0,-1.966,-1285.571,257.372,-430.707,2.399,36.227,171.076,748.356,0.167,-62.89,-117.523,-49.781,-25.874,6.0,-22.475,240.0,48.0,32.084,-61.632,0.72,-2.674,1.122,-0.88,78.95,0.619,-2.274,-50.029,-3.012,-78.306,0.598,Lsb001_02_0001_0001
3,Lsb001,alphafold2_multimer_v1_model_4_seed_035,1,90.2,0.803,0.696,0.7174,vhh_al_001/af_m/30_v1_m2/Lsb001_unrelaxed_rank_002_alphafold2_multimer_v1_model_4_seed_035.r1.pdb,Lsb001_03,SCORE:,-728.61,-3.036,-58.389,-2.396,-50.889,-2.088,1271.39,2436.69,1165.3,18.0,-0.695,-1288.391,268.089,-442.305,2.37,36.086,168.097,760.473,0.246,-67.059,-120.233,-54.709,-24.198,13.0,-17.862,240.0,61.0,33.818,-64.018,0.627,-2.69,3.684,-0.837,78.95,0.58,-2.623,-78.704,-2.754,-85.366,0.131,Lsb001_03_0001_0001
4,Lsb001,alphafold2_multimer_v1_model_3_seed_029,0,81.9,0.776,0.667,0.6888000000000001,vhh_al_001/af_m/24_v1_m2/Lsb001_unrelaxed_rank_003_alphafold2_multimer_v1_model_3_seed_029.r0.pdb,Lsb001_04,SCORE:,-648.218,-2.701,-55.01,-2.687,-50.239,-2.454,998.818,2047.386,1048.568,11.0,0.208,-1253.216,256.09,-454.257,2.337,37.69,198.053,766.088,0.363,-63.82,-124.899,-50.68,-24.055,14.0,-12.179,240.0,45.0,44.119,-55.525,0.552,-2.115,2.186,4.5,78.95,0.6,-1.962,-37.274,-2.227,-57.903,0.19,Lsb001_04_0001_0001
5,Lsb001,alphafold2_multimer_v1_model_5_seed_021,20,90.6,0.783,0.646,0.6734,vhh_al_001/af_m/18_v1/Lsb001_unrelaxed_rank_002_alphafold2_multimer_v1_model_5_seed_021.r20.pdb,Lsb001_05,SCORE:,-760.411,-3.168,-63.735,-2.838,-61.05,-2.719,1119.017,2245.673,1126.656,13.0,-1.005,-1285.753,269.403,-466.139,2.351,36.854,159.58,771.367,0.262,-66.032,-122.314,-61.806,-24.628,12.0,-18.188,240.0,46.0,30.02,-66.663,0.593,-3.21,1.663,1.706,78.95,0.716,-3.133,-75.197,-3.293,-72.451,0.223,Lsb001_05_0001_0001
6,Lsb001,alphafold2_multimer_v1_model_4_seed_021,0,83.9,0.709,0.615,0.6338,vhh_al_001/af_m/18_v1/Lsb001_unrelaxed_rank_005_alphafold2_multimer_v1_model_4_seed_021.r0.pdb,Lsb001_06,SCORE:,-646.152,-2.692,-44.997,-2.726,-39.441,-2.39,906.7,1650.421,743.721,10.0,-1.181,-1213.559,260.734,-429.74,2.414,36.33,173.044,738.438,0.248,-74.143,-100.597,-55.927,-25.077,7.0,-14.147,240.0,40.0,30.376,-58.538,0.621,-2.21,1.687,3.85,78.95,0.546,-2.527,-55.591,-1.823,-32.819,0.934,Lsb001_06_0001_0001
7,Lsb001,alphafold2_multimer_v2_model_1_seed_048,18,87.7,0.732,0.555,0.5904,vhh_al_001/af_m/48_v2_dt/Lsb001_unrelaxed_rank_004_alphafold2_multimer_v2_model_1_seed_048.r18.pdb,Lsb001_07,SCORE:,-743.006,-3.096,-43.679,-3.086,-40.593,-2.868,707.862,1415.438,707.576,10.0,-0.431,-1274.539,248.827,-431.857,2.408,38.511,167.67,743.246,0.219,-52.866,-117.278,-56.842,-26.149,6.0,-18.043,240.0,35.0,27.238,-64.762,0.595,-2.686,1.32,-8.922,78.95,0.698,-2.452,-44.139,-2.934,-49.885,0.514,Lsb001_07_0001_0001
8,Lsb001,alphafold2_multimer_v3_model_3_seed_005,0,78.8,0.716,0.548,0.5816000000000001,vhh_al_001/af_m/0_v3_m2/Lsb001_unrelaxed_rank_003_alphafold2_multimer_v3_model_3_seed_005.r0.pdb,Lsb001_08,SCORE:,-694.431,-2.894,-47.86,-2.833,-46.119,-2.73,859.839,1689.187,829.348,8.0,-0.069,-1289.115,268.342,-434.97,2.396,36.065,184.671,752.6,0.19,-69.773,-116.014,-46.105,-24.557,8.0,-14.656,240.0,38.0,37.94,-59.974,0.576,-2.539,3.213,-3.8,78.95,0.66,-2.573,-51.468,-2.501,-45.026,0.425,Lsb001_08_0001_0001
9,Lsb001,alphafold2_multimer_v2_model_5_seed_054,0,84.9,0.717,0.524,0.5626,vhh_al_001/af_m/54_v2_dt/Lsb001_unrelaxed_rank_002_alphafold2_multimer_v2_model_5_seed_054.r0.pdb,Lsb001_09,SCORE:,-750.398,-3.126,-63.266,-2.632,-57.413,-2.388,1262.57,2403.901,1141.331,18.0,-0.878,-1325.877,270.645,-447.793,2.479,37.699,171.283,779.669,0.279,-60.079,-123.444,-54.748,-22.089,14.0,-21.501,240.0,54.0,32.324,-62.699,0.613,-2.86,0.867,-5.531,78.95,0.613,-3.019,-72.452,-2.734,-82.01,0.324,Lsb001_09_0001_0001
10,Lsb001,alphafold2_multimer_v1_model_4_seed_001,12,90.2,0.711,0.515,0.5542,vhh_al_001/af_m/0_v1_d/Lsb001_unrelaxed_rank_003_alphafold2_multimer_v1_model_4_seed_001.r12.pdb,Lsb001_10,SCORE:,-753.402,-3.139,-59.067,-2.926,-50.577,-2.506,998.735,2018.579,1019.844,12.0,-1.374,-1289.248,265.507,-449.857,2.364,37.416,154.92,767.223,0.202,-61.882,-119.97,-58.84,-20.781,9.0,-16.583,240.0,48.0,28.403,-64.04,0.668,-2.594,1.456,-7.522,78.95,0.651,-2.413,-57.906,-2.775,-66.595,0.455,Lsb001_10_0001_0001
11,Lsb001,alphafold2_multimer_v1_model_3_seed_008,14,87.1,0.701,0.482,0.5258,vhh_al_001/af_m/6_v1_t/Lsb001_unrelaxed_rank_001_alphafold2_multimer_v1_model_3_seed_008.r14.pdb,Lsb001_11,SCORE:,-714.44,-2.977,-46.883,-2.842,-40.856,-2.476,865.446,1649.95,784.505,5.0,-0.642,-1295.896,268.988,-451.516,2.495,38.386,172.311,770.44,0.217,-59.871,-116.836,-53.998,-24.354,8.0,-17.144,240.0,46.0,34.906,-61.1,0.782,-2.287,1.345,-1.359,78.95,0.616,-2.546,-61.113,-2.004,-44.081,0.455,Lsb001_11_0001_0001
12,Lsb001,alphafold2_multimer_v1_model_4_seed_038,5,90.8,0.685,0.466,0.5098,vhh_al_001/af_m/36_v1_t/Lsb001_unrelaxed_rank_003_alphafold2_multimer_v1_model_4_seed_038.r5.pdb,Lsb001_12,SCORE:,-726.076,-3.025,-33.05,-3.109,-29.364,-2.763,594.444,1062.956,468.512,2.0,-0.995,-1274.171,265.019,-439.605,2.658,36.935,164.479,738.31,0.262,-58.56,-117.103,-63.276,-25.175,6.0,-17.351,240.0,29.0,30.477,-59.78,0.697,-2.452,1.702,11.167,78.95,0.618,-2.859,-48.601,-1.876,-22.512,0.24,Lsb001_12_0001_0001
13,Lsb001,alphafold2_multimer_v2_model_4_seed_035,0,75.3,0.642,0.466,0.5012000000000001,vhh_al_001/af_m/30_v2_m2/Lsb001_unrelaxed_rank_003_alphafold2_multimer_v2_model_4_seed_035.r0.pdb,Lsb001_13,SCORE:,-698.122,-2.909,-51.34,-2.744,-45.987,-2.458,1140.384,1870.904,730.52,10.0,-0.499,-1250.007,269.798,-433.667,2.408,37.389,165.22,745.443,0.141,-60.085,-114.328,-60.437,-24.625,6.0,-21.651,240.0,43.0,32.249,-57.867,0.616,-2.953,2.253,-9.348,78.95,0.617,-2.767,-60.88,-3.148,-66.109,0.682,Lsb001_13_0001_0001
14,Lsb001,alphafold2_multimer_v1_model_4_seed_040,0,85.9,0.664,0.453,0.4952000000000001,vhh_al_001/af_m/36_v1_m1/Lsb001_unrelaxed_rank_001_alphafold2_multimer_v1_model_4_seed_040.r0.pdb,Lsb001_14,SCORE:,-684.195,-2.851,-42.044,-2.429,-39.765,-2.298,981.165,1730.672,749.507,7.0,-1.059,-1232.277,265.286,-431.555,2.331,34.766,170.464,734.958,0.159,-58.535,-110.133,-53.239,-25.634,7.0,-23.439,240.0,40.0,27.95,-60.289,0.599,-2.93,1.133,-4.082,78.95,0.62,-2.734,-60.141,-3.171,-57.078,0.207,Lsb001_14_0001_0001
15,Lsb001,alphafold2_multimer_v1_model_3_seed_038,17,86.1,0.673,0.441,0.4874,vhh_al_001/af_m/36_v1_t/Lsb001_unrelaxed_rank_004_alphafold2_multimer_v1_model_3_seed_038.r17.pdb,Lsb001_15,SCORE:,-699.292,-2.912,-34.442,-2.657,-30.387,-2.344,698.523,1296.368,597.845,14.0,-1.074,-1301.968,268.899,-443.43,2.426,39.318,188.56,778.278,0.227,-56.725,-119.12,-60.549,-25.591,7.0,-19.298,240.0,37.0,33.317,-63.245,0.725,-2.179,2.04,-0.243,78.95,0.667,-2.884,-57.679,-1.349,-22.939,0.161,Lsb001_15_0001_0001
16,Lsb001,alphafold2_multimer_v1_model_3_seed_050,3,86.2,0.656,0.42,0.4672,vhh_al_001/af_m/48_v1_t/Lsb001_unrelaxed_rank_001_alphafold2_multimer_v1_model_3_seed_050.r3.pdb,Lsb001_16,SCORE:,-726.22,-3.026,-62.167,-3.262,-54.358,-2.853,1134.027,1905.523,771.496,16.0,-1.158,-1287.851,261.781,-442.359,2.365,37.491,168.59,761.315,0.164,-60.722,-117.303,-57.863,-22.854,9.0,-19.152,240.0,50.0,33.531,-59.14,0.715,-2.553,1.218,-3.162,78.95,0.71,-3.06,-67.317,-2.155,-60.335,0.101,Lsb001_16_0001_0001
17,Lsb001,alphafold2_multimer_v3_model_2_seed_008,7,86.8,0.669,0.415,0.4658,vhh_al_001/af_m/6_v3_t/Lsb001_unrelaxed_rank_001_alphafold2_multimer_v3_model_2_seed_008.r7.pdb,Lsb001_17,SCORE:,-729.775,-3.041,-52.01,-2.803,-43.279,-2.333,1077.164,1855.466,778.302,13.0,0.755,-1292.81,260.937,-444.584,2.381,38.612,168.826,762.931,0.197,-73.114,-117.998,-45.6,-24.86,8.0,-23.58,240.0,53.0,32.575,-59.672,0.638,-2.679,1.483,4.77,78.95,0.647,-2.961,-68.111,-2.463,-73.879,0.22,Lsb001_17_0001_0001
18,Lsb001,alphafold2_multimer_v1_model_1_seed_018,3,87.7,0.662,0.413,0.4628,vhh_al_001/af_m/18_v1_dt/Lsb001_unrelaxed_rank_001_alphafold2_multimer_v1_model_1_seed_018.r3.pdb,Lsb001_18,SCORE:,-707.664,-2.949,-41.876,-2.684,-38.786,-2.486,821.766,1560.155,738.389,0.0,-1.004,-1283.959,270.174,-446.491,2.365,38.056,191.495,744.374,0.23,-63.846,-116.476,-59.505,-25.142,8.0,-18.0,240.0,38.0,38.619,-60.638,0.63,-1.978,1.474,1.593,78.95,0.624,-2.622,-47.196,-1.399,-27.977,0.296,Lsb001_18_0001_0001
19,Lsb001,alphafold2_multimer_v1_model_3_seed_006,13,85.8,0.646,0.387,0.4388000000000001,vhh_al_001/af_m/6_v1_dt/Lsb001_unrelaxed_rank_001_alphafold2_multimer_v1_model_3_seed_006.r13.pdb,Lsb001_19,SCORE:,-710.091,-2.959,-35.545,-2.825,-30.325,-2.41,708.77,1258.221,549.451,2.0,-1.069,-1280.292,260.765,-433.977,2.33,38.314,180.863,754.89,0.168,-52.745,-119.381,-56.177,-25.44,6.0,-22.25,240.0,31.0,32.028,-64.539,0.641,-1.826,1.789,-4.399,78.95,0.653,-2.293,-38.988,-1.259,-17.624,0.249,Lsb001_19_0001_0001
20,Lsb001,alphafold2_multimer_v3_model_4_seed_013,0,78.7,0.635,0.383,0.4334,vhh_al_001/af_m/12_v3_d/Lsb001_unrelaxed_rank_001_alphafold2_multimer_v3_model_4_seed_013.r0.pdb,Lsb001_20,SCORE:,-723.961,-3.017,-40.285,-2.687,-33.777,-2.253,720.679,1499.27,778.591,6.0,-1.496,-1297.709,273.228,-424.589,2.32,36.568,178.876,750.174,0.301,-61.174,-121.824,-54.14,-23.389,7.0,-18.423,240.0,37.0,30.518,-65.317,0.673,-2.608,2.112,-9.272,78.95,0.648,-2.57,-51.396,-2.653,-45.103,0.625,Lsb001_20_0001_0001
21,Lsb001,alphafold2_multimer_v1_model_4_seed_028,10,90.1,0.642,0.38,0.4324,vhh_al_001/af_m/24_v1_m1/Lsb001_unrelaxed_rank_004_alphafold2_multimer_v1_model_4_seed_028.r10.pdb,Lsb001_21,SCORE:,-723.357,-3.016,-21.721,-2.486,-18.725,-2.143,510.011,873.652,363.642,2.0,-0.873,-1242.22,256.958,-432.358,2.353,36.568,158.016,735.262,0.234,-61.054,-119.662,-55.1,-23.088,3.0,-17.783,240.0,24.0,31.315,-64.964,0.631,-2.355,1.418,-7.188,78.95,0.686,-2.395,-26.346,-2.321,-30.169,0.091,Lsb001_21_0001_0001
22,Lsb001,alphafold2_multimer_v3_model_2_seed_052,0,81.7,0.629,0.38,0.4298,vhh_al_001/af_m/48_v3_m1/Lsb001_unrelaxed_rank_005_alphafold2_multimer_v3_model_2_seed_052.r0.pdb,Lsb001_22,SCORE:,-754.822,-3.145,-52.967,-2.616,-48.663,-2.403,1139.041,2025.078,886.037,7.0,-0.508,-1289.084,264.722,-459.883,2.476,36.379,169.244,774.176,0.228,-73.654,-118.818,-57.961,-23.345,8.0,-19.061,240.0,51.0,28.926,-63.108,0.6,-2.831,1.121,-5.594,78.95,0.519,-2.701,-67.513,-2.957,-76.893,0.201,Lsb001_22_0001_0001
23,Lsb001,alphafold2_multimer_v1_model_4_seed_057,0,81.8,0.612,0.383,0.4288,vhh_al_001/af_m/54_v1/Lsb001_unrelaxed_rank_001_alphafold2_multimer_v1_model_4_seed_057.r0.pdb,Lsb001_23,SCORE:,-675.735,-2.816,-69.276,-3.204,-59.614,-2.757,1216.717,2161.936,945.219,13.0,0.537,-1224.348,264.336,-427.23,2.354,35.674,166.716,723.364,0.278,-55.29,-111.387,-53.178,-28.148,12.0,-15.196,240.0,46.0,28.309,-62.772,0.592,-2.645,3.331,-2.06,78.95,0.735,-2.46,-54.125,-2.815,-67.549,0.303,Lsb001_23_0001_0001
24,Lsb001,alphafold2_multimer_v1_model_3_seed_006,20,85.6,0.628,0.361,0.4144,vhh_al_001/af_m/6_v1_dt/Lsb001_unrelaxed_rank_001_alphafold2_multimer_v1_model_3_seed_006.r20.pdb,Lsb001_24,SCORE:,-693.38,-2.89,-43.757,-2.785,-39.366,-2.506,854.475,1570.962,716.487,11.0,-0.593,-1302.221,271.64,-447.307,2.391,38.632,195.095,775.921,0.326,-54.594,-118.039,-62.684,-25.625,12.0,-17.825,240.0,39.0,34.888,-62.156,0.692,-2.06,1.629,-1.857,78.95,0.539,-2.619,-49.764,-1.529,-30.576,0.375,Lsb001_24_0001_0001
25,Lsb001,alphafold2_multimer_v1_model_3_seed_054,17,84.9,0.622,0.349,0.4036,vhh_al_001/af_m/54_v1_dt/Lsb001_unrelaxed_rank_003_alphafold2_multimer_v1_model_3_seed_054.r17.pdb,Lsb001_25,SCORE:,-665.902,-2.778,-32.492,-2.24,-30.672,-2.114,790.421,1450.601,660.18,4.0,-0.518,-1288.682,262.255,-442.106,2.346,38.193,200.091,763.544,0.237,-54.724,-117.795,-56.224,-22.429,6.0,-18.307,240.0,34.0,37.363,-59.979,0.696,-1.072,3.89,7.921,78.95,0.503,-2.464,-41.88,0.32,5.436,0.308,Lsb001_25_0001_0001
26,Lsb001,alphafold2_multimer_v3_model_5_seed_020,16,78.5,0.619,0.344,0.399,vhh_al_001/af_m/18_v3_t/Lsb001_unrelaxed_rank_004_alphafold2_multimer_v3_model_5_seed_020.r16.pdb,Lsb001_26,SCORE:,-656.404,-2.736,-12.799,-1.459,-11.021,-1.257,428.447,877.074,448.628,2.0,-1.376,-1254.449,270.176,-421.485,2.406,36.459,196.812,733.597,0.36,-57.454,-112.174,-54.224,-21.264,3.0,-18.475,240.0,25.0,31.549,-64.639,0.592,-1.253,3.67,-5.315,78.95,0.61,-1.583,-19.001,-0.948,-12.319,0.832,Lsb001_26_0001_0001
27,Lsb001,alphafold2_multimer_v1_model_4_seed_018,10,90.0,0.615,0.334,0.3902,vhh_al_001/af_m/18_v1_dt/Lsb001_unrelaxed_rank_003_alphafold2_multimer_v1_model_4_seed_018.r10.pdb,Lsb001_27,SCORE:,-736.48,-3.069,-41.04,-2.433,-34.104,-2.022,817.348,1686.578,869.23,18.0,-1.146,-1293.86,266.928,-445.983,2.325,36.691,167.32,772.163,0.376,-69.304,-116.498,-56.738,-25.736,12.0,-18.095,240.0,43.0,35.568,-65.139,0.658,-2.531,1.97,-6.293,78.95,0.604,-2.566,-53.879,-2.497,-54.938,0.395,Lsb001_27_0001_0001
28,Lsb001,alphafold2_multimer_v1_model_1_seed_018,2,87.8,0.611,0.314,0.3734,vhh_al_001/af_m/18_v1_dt/Lsb001_unrelaxed_rank_001_alphafold2_multimer_v1_model_1_seed_018.r2.pdb,Lsb001_28,SCORE:,-719.039,-2.996,-29.139,-2.88,-28.482,-2.815,581.551,1011.665,430.114,0.0,-1.513,-1282.292,260.809,-448.039,2.455,39.63,187.982,758.017,0.205,-61.609,-117.577,-61.133,-23.993,5.0,-20.204,240.0,24.0,29.283,-60.72,0.622,-2.376,2.005,-1.424,78.95,0.642,-2.475,-24.748,-2.305,-32.273,0.333,Lsb001_28_0001_0001
29,Lsb001,alphafold2_multimer_v1_model_5_seed_014,3,89.9,0.604,0.307,0.3664,vhh_al_001/af_m/12_v1_t/Lsb001_unrelaxed_rank_001_alphafold2_multimer_v1_model_5_seed_014.r3.pdb,Lsb001_29,SCORE:,-722.384,-3.01,-36.484,-2.707,-32.816,-2.435,866.533,1347.942,481.409,6.0,-1.033,-1279.372,268.569,-439.772,2.293,36.498,166.123,751.347,0.299,-65.11,-120.002,-54.328,-26.495,7.0,-23.313,240.0,37.0,35.283,-59.138,0.669,-2.471,1.791,5.079,78.95,0.538,-2.264,-43.02,-2.69,-48.419,0.245,Lsb001_29_0001_0001
30,Lsb001,alphafold2_multimer_v1_model_1_seed_012,12,87.6,0.599,0.303,0.3622,vhh_al_001/af_m/12_v1_dt/Lsb001_unrelaxed_rank_004_alphafold2_multimer_v1_model_1_seed_012.r12.pdb,Lsb001_30,SCORE:,-710.752,-2.961,-36.59,-2.51,-32.471,-2.228,734.692,1457.712,723.019,3.0,-0.461,-1281.77,265.111,-448.001,2.375,38.249,185.98,759.036,0.352,-64.979,-118.074,-54.769,-26.572,11.0,-18.065,240.0,36.0,33.148,-62.974,0.68,-1.661,1.663,0.13,78.95,0.614,-2.142,-40.7,-1.122,-19.079,0.27,Lsb001_30_0001_0001
31,Lsb001,alphafold2_multimer_v1_model_3_seed_026,8,84.7,0.592,0.295,0.3544,vhh_al_001/af_m/24_v1_t/Lsb001_unrelaxed_rank_004_alphafold2_multimer_v1_model_3_seed_026.r8.pdb,Lsb001_31,SCORE:,-693.206,-2.888,-29.971,-2.007,-26.416,-1.769,800.23,1493.06,692.831,5.0,-1.094,-1307.478,260.985,-435.192,2.355,38.263,199.617,774.387,0.251,-50.959,-120.894,-55.635,-25.307,7.0,-19.745,240.0,40.0,34.816,-62.875,0.631,-1.744,2.921,-6.726,78.95,0.492,-1.89,-37.807,-1.597,-31.944,0.403,Lsb001_31_0001_0001
32,Lsb001,alphafold2_multimer_v3_model_5_seed_046,16,81.3,0.576,0.298,0.3536,vhh_al_001/af_m/42_v3_m1/Lsb001_unrelaxed_rank_004_alphafold2_multimer_v3_model_5_seed_046.r16.pdb,Lsb001_32,SCORE:,-745.838,-3.108,-55.708,-2.777,-50.001,-2.493,1117.677,2006.052,888.374,9.0,-0.907,-1297.975,263.048,-450.576,2.398,37.014,168.416,769.927,0.258,-59.768,-117.48,-60.731,-22.195,10.0,-18.463,240.0,45.0,29.723,-64.057,0.699,-2.812,1.434,-4.99,78.95,0.665,-2.525,-60.595,-3.14,-65.941,0.392,Lsb001_32_0001_0001
33,Lsb001,alphafold2_multimer_v2_model_2_seed_044,2,82.5,0.594,0.292,0.3524,vhh_al_001/af_m/42_v2_t/Lsb001_unrelaxed_rank_002_alphafold2_multimer_v2_model_2_seed_044.r2.pdb,Lsb001_33,SCORE:,-724.379,-3.018,-28.955,-1.994,-27.877,-1.919,789.578,1452.487,662.909,5.0,-1.062,-1292.19,263.598,-449.253,2.392,39.8,166.912,771.725,0.235,-64.404,-115.766,-50.221,-24.406,6.0,-18.067,240.0,45.0,31.494,-62.328,0.632,-2.457,1.671,-3.6,78.95,0.558,-2.133,-46.928,-2.767,-63.633,0.375,Lsb001_33_0001_0001
34,Lsb001,alphafold2_multimer_v1_model_3_seed_002,1,83.5,0.605,0.286,0.3498,vhh_al_001/af_m/0_v1_t/Lsb001_unrelaxed_rank_001_alphafold2_multimer_v1_model_3_seed_002.r1.pdb,Lsb001_34,SCORE:,-628.556,-2.619,-21.457,-2.024,-20.49,-1.933,559.905,1060.196,500.291,3.0,-0.159,-1307.179,261.789,-418.632,2.364,38.42,232.018,762.647,0.192,-62.139,-115.231,-50.528,-22.47,3.0,-18.706,240.0,31.0,33.189,-57.847,0.625,-1.004,3.59,11.168,78.95,0.67,-1.192,-15.493,-0.868,-15.626,0.2,Lsb001_34_0001_0001
35,Lsb001,alphafold2_multimer_v1_model_5_seed_056,1,89.5,0.576,0.255,0.3192,vhh_al_001/af_m/54_v1_t/Lsb001_unrelaxed_rank_001_alphafold2_multimer_v1_model_5_seed_056.r1.pdb,Lsb001_35,SCORE:,-732.621,-3.053,-27.894,-2.831,-23.687,-2.404,625.947,985.406,359.459,5.0,-0.619,-1261.231,263.575,-437.085,2.298,35.994,163.691,728.882,0.144,-55.634,-121.682,-56.329,-27.743,2.0,-17.423,240.0,22.0,29.217,-61.238,0.552,-3.107,1.765,1.629,78.95,0.787,-2.797,-30.762,-3.418,-37.594,0.36,Lsb001_35_0001_0001
36,Lsb001,alphafold2_multimer_v3_model_5_seed_050,1,80.5,0.568,0.256,0.3184,vhh_al_001/af_m/48_v3_t/Lsb001_unrelaxed_rank_004_alphafold2_multimer_v3_model_5_seed_050.r1.pdb,Lsb001_36,SCORE:,-724.233,-3.018,-37.027,-2.732,-32.046,-2.364,793.45,1355.531,562.081,11.0,-1.01,-1274.933,273.059,-439.145,2.411,38.192,161.637,753.117,0.216,-63.657,-118.117,-56.892,-22.68,6.0,-16.962,240.0,32.0,31.269,-65.023,0.578,-2.46,1.373,-6.379,78.95,0.614,-2.708,-48.752,-2.14,-29.955,0.556,Lsb001_36_0001_0001
37,Lsb001,alphafold2_multimer_v1_model_4_seed_001,1,88.2,0.571,0.255,0.3182,vhh_al_001/af_m/0_v1_d/Lsb001_unrelaxed_rank_003_alphafold2_multimer_v1_model_4_seed_001.r1.pdb,Lsb001_37,SCORE:,-715.071,-2.979,-54.108,-3.26,-50.986,-3.072,781.975,1659.939,877.964,11.0,-0.446,-1287.466,268.675,-452.666,2.463,37.773,183.024,765.911,0.274,-61.065,-116.658,-63.29,-22.512,12.0,-18.636,240.0,38.0,33.812,-63.357,0.619,-2.456,1.743,-2.172,78.95,0.63,-3.353,-60.35,-1.649,-32.972,0.845,Lsb001_37_0001_0001
38,Lsb001,alphafold2_multimer_v1_model_5_seed_038,4,88.8,0.574,0.247,0.3124,vhh_al_001/af_m/36_v1_t/Lsb001_unrelaxed_rank_002_alphafold2_multimer_v1_model_5_seed_038.r4.pdb,Lsb001_38,SCORE:,-718.399,-2.993,-58.214,-2.788,-53.951,-2.584,1149.674,2088.152,938.478,11.0,-0.841,-1295.75,270.111,-459.224,2.358,37.516,176.644,766.47,0.257,-62.696,-122.294,-61.155,-24.095,11.0,-15.485,240.0,44.0,37.146,-59.302,0.656,-2.015,4.59,7.855,78.95,0.586,-2.835,-59.543,-1.265,-29.105,0.804,Lsb001_38_0001_0001
39,Lsb001,alphafold2_multimer_v1_model_3_seed_031,13,84.2,0.567,0.244,0.3086,vhh_al_001/af_m/30_v1_d/Lsb001_unrelaxed_rank_004_alphafold2_multimer_v1_model_3_seed_031.r13.pdb,Lsb001_39,SCORE:,-637.373,-2.657,-37.144,-2.654,-35.351,-2.526,770.411,1399.317,628.906,10.0,-0.91,-1320.955,271.724,-445.85,2.612,37.501,258.626,786.173,0.155,-65.967,-116.395,-57.562,-21.317,5.0,-16.748,240.0,33.0,34.374,-63.563,0.683,-0.377,6.543,-5.081,78.95,0.682,-2.526,-42.95,1.906,30.503,0.473,Lsb001_39_0001_0001
40,Lsb001,alphafold2_multimer_v1_model_3_seed_042,18,85.2,0.57,0.242,0.3076,vhh_al_001/af_m/42_v1_dt/Lsb001_unrelaxed_rank_004_alphafold2_multimer_v1_model_3_seed_042.r18.pdb,Lsb001_40,SCORE:,-649.182,-2.705,-30.034,-1.863,-27.518,-1.707,841.295,1611.863,770.568,6.0,-1.74,-1315.551,270.505,-427.832,2.458,36.738,221.333,778.82,0.27,-51.989,-119.118,-56.967,-22.724,7.0,-19.178,240.0,38.0,34.312,-60.172,0.615,-1.011,4.655,-2.009,78.95,0.535,-1.846,-35.066,-0.177,-3.37,0.327,Lsb001_40_0001_0001
41,Lsb001,alphafold2_multimer_v1_model_3_seed_032,2,85.2,0.566,0.239,0.3044,vhh_al_001/af_m/30_v1_t/Lsb001_unrelaxed_rank_003_alphafold2_multimer_v1_model_3_seed_032.r2.pdb,Lsb001_41,SCORE:,-703.215,-2.93,-31.714,-2.463,-29.214,-2.269,661.867,1287.785,625.918,6.0,-1.512,-1284.367,269.512,-440.662,2.411,38.859,178.685,771.082,0.443,-69.181,-119.366,-56.18,-23.954,8.0,-17.084,240.0,31.0,30.181,-61.822,0.59,-1.735,1.852,-0.988,78.95,0.585,-2.387,-33.414,-1.199,-20.387,0.368,Lsb001_41_0001_0001
42,Lsb001,alphafold2_multimer_v2_model_2_seed_032,10,83.6,0.563,0.239,0.3038,vhh_al_001/af_m/30_v2_t/Lsb001_unrelaxed_rank_003_alphafold2_multimer_v2_model_2_seed_032.r10.pdb,Lsb001_42,SCORE:,-735.7,-3.066,-35.499,-2.499,-34.189,-2.407,805.269,1420.436,615.167,2.0,-1.137,-1284.732,263.824,-430.941,2.405,36.764,162.659,753.182,0.21,-61.99,-115.291,-54.293,-23.058,6.0,-17.563,240.0,38.0,28.383,-66.006,0.668,-2.53,1.369,-8.766,78.95,0.619,-2.688,-51.066,-2.372,-45.062,0.541,Lsb001_42_0001_0001
43,Lsb001,alphafold2_multimer_v2_model_2_seed_032,12,84.4,0.56,0.236,0.3008,vhh_al_001/af_m/30_v2_t/Lsb001_unrelaxed_rank_003_alphafold2_multimer_v2_model_2_seed_032.r12.pdb,Lsb001_43,SCORE:,-740.646,-3.085,-41.522,-2.796,-37.039,-2.494,865.756,1485.205,619.449,0.0,-1.456,-1299.772,262.583,-443.116,2.382,39.501,172.647,765.027,0.183,-63.212,-119.709,-54.55,-26.31,7.0,-19.767,240.0,37.0,29.742,-61.42,0.684,-2.889,1.085,-3.595,78.95,0.64,-3.153,-56.759,-2.638,-50.122,0.345,Lsb001_43_0001_0001
44,Lsb001,alphafold2_multimer_v2_model_2_seed_056,1,82.0,0.56,0.234,0.2992,vhh_al_001/af_m/54_v2_t/Lsb001_unrelaxed_rank_002_alphafold2_multimer_v2_model_2_seed_056.r1.pdb,Lsb001_44,SCORE:,-725.319,-3.022,-21.655,-1.952,-21.139,-1.906,694.112,1109.312,415.199,5.0,-1.318,-1282.488,263.112,-433.702,2.349,38.416,164.737,759.342,0.284,-59.202,-117.072,-55.061,-24.117,4.0,-20.127,240.0,32.0,30.904,-63.07,0.689,-2.191,1.209,-8.928,78.95,0.628,-2.462,-41.846,-1.885,-28.278,0.747,Lsb001_44_0001_0001
45,Lsb001,alphafold2_multimer_v1_model_5_seed_008,1,89.1,0.559,0.225,0.2918,vhh_al_001/af_m/6_v1_t/Lsb001_unrelaxed_rank_002_alphafold2_multimer_v1_model_5_seed_008.r1.pdb,Lsb001_45,SCORE:,-728.521,-3.036,-33.241,-2.422,-31.455,-2.292,851.025,1372.485,521.461,3.0,-0.608,-1266.255,264.417,-429.258,2.336,35.807,156.001,733.752,0.174,-59.937,-121.199,-52.534,-27.128,4.0,-22.44,240.0,35.0,33.841,-61.405,0.617,-2.409,1.672,4.985,78.95,0.602,-2.606,-41.692,-2.243,-42.622,0.483,Lsb001_45_0001_0001
46,Lsb001,alphafold2_multimer_v1_model_3_seed_026,1,83.8,0.56,0.222,0.2896,vhh_al_001/af_m/24_v1_t/Lsb001_unrelaxed_rank_004_alphafold2_multimer_v1_model_3_seed_026.r1.pdb,Lsb001_46,SCORE:,-688.915,-2.87,-30.848,-2.104,-29.4,-2.005,878.756,1466.208,587.452,7.0,-1.28,-1296.949,260.586,-437.614,2.341,37.571,197.888,767.545,0.145,-53.531,-120.077,-52.359,-25.761,3.0,-25.369,240.0,38.0,39.7,-62.95,0.616,-1.85,2.491,-0.724,78.95,0.602,-1.992,-39.844,-1.691,-30.445,0.627,Lsb001_46_0001_0001
47,Lsb001,alphafold2_multimer_v1_model_4_seed_051,2,89.1,0.562,0.218,0.2868,vhh_al_001/af_m/48_v1/Lsb001_unrelaxed_rank_005_alphafold2_multimer_v1_model_4_seed_051.r2.pdb,Lsb001_47,SCORE:,-739.981,-3.085,-61.601,-2.821,-56.314,-2.579,939.485,2183.746,1244.261,16.0,-0.686,-1325.462,273.388,-455.691,2.373,37.872,182.055,782.815,0.265,-63.431,-119.524,-66.721,-23.931,12.0,-20.065,240.0,51.0,37.663,-63.791,0.697,-2.954,1.422,2.176,78.95,0.566,-3.034,-78.883,-2.87,-71.746,0.61,Lsb001_47_0001_0001
48,Lsb001,alphafold2_multimer_v2_model_2_seed_014,16,83.9,0.552,0.22,0.2864,vhh_al_001/af_m/12_v2_t/Lsb001_unrelaxed_rank_005_alphafold2_multimer_v2_model_2_seed_014.r16.pdb,Lsb001_48,SCORE:,-750.393,-3.127,-32.917,-2.995,-31.58,-2.873,613.561,1099.02,485.459,2.0,-1.568,-1277.291,253.802,-433.504,2.44,38.969,159.349,749.015,0.183,-60.56,-118.657,-52.427,-27.313,6.0,-19.076,240.0,28.0,25.412,-64.906,0.707,-2.494,1.424,-5.05,78.95,0.668,-2.508,-40.134,-2.474,-29.685,0.599,Lsb001_48_0001_0001
49,Lsb001,alphafold2_multimer_v1_model_1_seed_016,4,86.9,0.55,0.218,0.2844,vhh_al_001/af_m/12_v1_m1/Lsb001_unrelaxed_rank_002_alphafold2_multimer_v1_model_1_seed_016.r4.pdb,Lsb001_49,SCORE:,-691.114,-2.88,-33.746,-2.699,-31.001,-2.48,699.19,1250.288,551.098,5.0,-1.076,-1283.007,271.13,-436.006,2.452,39.291,194.135,757.131,0.225,-71.917,-116.645,-51.317,-23.279,5.0,-17.101,240.0,33.0,31.471,-64.666,0.704,-1.798,3.276,-4.015,78.95,0.617,-2.98,-47.681,-0.686,-11.667,0.079,Lsb001_49_0001_0001
50,Lsb001,alphafold2_multimer_v1_model_5_seed_020,1,89.4,0.553,0.217,0.2842,vhh_al_001/af_m/18_v1_t/Lsb001_unrelaxed_rank_003_alphafold2_multimer_v1_model_5_seed_020.r1.pdb,Lsb001_50,SCORE:,-719.057,-2.996,-22.827,-2.157,-21.486,-2.031,709.616,1058.024,348.409,4.0,-0.25,-1266.493,263.874,-441.507,2.324,37.139,164.014,749.809,0.132,-64.194,-119.007,-54.454,-27.598,4.0,-22.989,240.0,28.0,39.784,-63.815,0.706,-1.969,2.348,2.521,78.95,0.638,-2.578,-33.516,-1.442,-21.628,0.487,Lsb001_50_0001_0001
51,Lsb001,alphafold2_multimer_v3_model_5_seed_012,0,80.7,0.547,0.215,0.2814,vhh_al_001/af_m/12_v3_dt/Lsb001_unrelaxed_rank_003_alphafold2_multimer_v3_model_5_seed_012.r0.pdb,Lsb001_51,SCORE:,-701.678,-2.924,-53.169,-2.685,-49.452,-2.497,970.863,1980.453,1009.591,16.0,0.002,-1283.061,270.149,-440.975,2.436,35.325,171.294,754.787,0.248,-53.172,-119.101,-47.709,-21.912,9.0,-22.15,240.0,47.0,32.359,-60.778,0.671,-2.655,0.689,0.773,78.95,0.609,-2.97,-77.231,-2.265,-47.557,0.417,Lsb001_51_0001_0001
52,Lsb001,alphafold2_multimer_v3_model_5_seed_039,0,78.5,0.546,0.214,0.2804,vhh_al_001/af_m/36_v3/Lsb001_unrelaxed_rank_005_alphafold2_multimer_v3_model_5_seed_039.r0.pdb,Lsb001_52,SCORE:,-722.785,-3.012,-48.44,-2.904,-46.86,-2.809,1057.76,1668.242,610.482,8.0,-1.629,-1287.452,257.854,-430.135,2.377,38.431,174.281,741.887,0.184,-59.263,-116.924,-54.694,-23.45,7.0,-20.255,240.0,43.0,37.712,-64.107,0.696,-2.718,0.986,2.244,78.95,0.595,-2.072,-39.364,-3.23,-77.528,0.402,Lsb001_52_0001_0001
53,Lsb001,alphafold2_multimer_v3_model_5_seed_002,2,80.6,0.551,0.21,0.2782,vhh_al_001/af_m/0_v3_t/Lsb001_unrelaxed_rank_005_alphafold2_multimer_v3_model_5_seed_002.r2.pdb,Lsb001_53,SCORE:,-730.048,-3.042,-25.395,-2.465,-23.623,-2.293,590.532,1030.284,439.751,6.0,-1.286,-1263.0,261.877,-436.306,2.345,35.965,161.391,743.861,0.327,-65.198,-119.783,-49.606,-23.214,5.0,-19.026,240.0,27.0,28.43,-63.73,0.673,-2.245,1.485,-3.776,78.95,0.595,-2.685,-40.271,-1.696,-20.346,0.572,Lsb001_53_0001_0001
54,Lsb001,alphafold2_multimer_v1_model_5_seed_027,20,89.2,0.554,0.208,0.2772,vhh_al_001/af_m/24_v1/Lsb001_unrelaxed_rank_005_alphafold2_multimer_v1_model_5_seed_027.r20.pdb,Lsb001_54,SCORE:,-706.877,-2.949,-24.983,-2.313,-22.479,-2.081,561.068,1080.265,519.197,4.0,-0.458,-1242.397,268.086,-443.418,2.36,37.462,159.461,736.9,0.353,-62.66,-118.705,-59.56,-23.498,7.0,-14.024,240.0,25.0,34.318,-63.32,0.738,-2.168,2.19,1.028,78.95,0.515,-2.866,-37.262,-1.41,-16.926,0.407,Lsb001_54_0001_0001
55,Lsb001,alphafold2_multimer_v1_model_5_seed_024,0,88.6,0.55,0.207,0.2756,vhh_al_001/af_m/24_v1_dt/Lsb001_unrelaxed_rank_002_alphafold2_multimer_v1_model_5_seed_024.r0.pdb,Lsb001_55,SCORE:,-721.664,-3.007,-27.435,-2.405,-25.613,-2.246,664.94,1140.621,475.68,2.0,-1.341,-1268.117,273.445,-439.466,2.347,36.483,166.672,740.913,0.183,-59.884,-118.846,-52.21,-23.159,3.0,-17.392,240.0,24.0,28.1,-64.859,0.583,-2.56,2.687,-6.371,78.95,0.513,-3.163,-41.113,-1.847,-20.319,0.385,Lsb001_55_0001_0001
56,Lsb001,alphafold2_multimer_v1_model_2_seed_000,6,88.1,0.551,0.205,0.2742,vhh_al_001/af_m/0_v1_dt/Lsb001_unrelaxed_rank_004_alphafold2_multimer_v1_model_2_seed_000.r6.pdb,Lsb001_56,SCORE:,-730.286,-3.043,-32.332,-2.413,-29.357,-2.191,756.249,1339.979,583.73,2.0,-0.932,-1300.465,260.552,-441.985,2.412,40.74,175.74,767.191,0.212,-62.3,-118.663,-56.382,-26.675,5.0,-18.342,240.0,33.0,30.901,-62.634,0.62,-2.039,1.876,-0.436,78.95,0.645,-1.992,-31.878,-2.082,-35.4,0.166,Lsb001_56_0001_0001
57,Lsb001,alphafold2_multimer_v1_model_4_seed_034,1,87.6,0.557,0.203,0.2738,vhh_al_001/af_m/30_v1_m1/Lsb001_unrelaxed_rank_004_alphafold2_multimer_v1_model_4_seed_034.r1.pdb,Lsb001_57,SCORE:,-575.12,-2.396,-18.845,-1.15,-3.493,-0.213,887.68,1638.14,750.46,19.0,-0.76,-1295.873,275.518,-422.555,2.423,36.231,223.933,777.34,3.361,-59.868,-116.509,-53.442,-22.988,10.0,-19.238,240.0,37.0,61.334,-60.348,0.682,0.222,3.117,17.357,78.95,0.596,-0.473,-8.99,0.957,17.221,0.258,Lsb001_57_0001_0001
58,Lsb001,alphafold2_multimer_v3_model_5_seed_026,1,80.8,0.548,0.203,0.272,vhh_al_001/af_m/24_v3_t/Lsb001_unrelaxed_rank_005_alphafold2_multimer_v3_model_5_seed_026.r1.pdb,Lsb001_58,SCORE:,-733.635,-3.057,-27.692,-2.514,-27.3,-2.479,593.769,1101.475,507.706,3.0,-0.842,-1269.088,261.536,-444.806,2.368,36.573,159.405,754.898,0.291,-61.964,-120.052,-52.292,-23.183,7.0,-19.751,240.0,28.0,30.462,-62.968,0.641,-2.535,1.046,-4.49,78.95,0.594,-3.049,-48.789,-1.849,-22.184,0.563,Lsb001_58_0001_0001
59,Lsb001,alphafold2_multimer_v2_model_3_seed_032,4,81.9,0.545,0.203,0.2714,vhh_al_001/af_m/30_v2_t/Lsb001_unrelaxed_rank_002_alphafold2_multimer_v2_model_3_seed_032.r4.pdb,Lsb001_59,SCORE:,-740.397,-3.091,-23.018,-2.111,-21.372,-1.96,549.725,1090.147,540.423,4.0,-1.055,-1270.739,254.292,-428.15,2.43,40.026,160.591,743.288,0.419,-59.251,-122.223,-55.938,-26.736,8.0,-21.531,240.0,26.0,27.7,-62.769,0.588,-2.362,1.257,-0.686,78.95,0.403,-2.448,-36.725,-2.245,-24.698,0.147,Lsb001_59_0001_0001
60,Lsb001,alphafold2_multimer_v1_model_3_seed_050,1,83.8,0.545,0.202,0.2706,vhh_al_001/af_m/48_v1_t/Lsb001_unrelaxed_rank_001_alphafold2_multimer_v1_model_3_seed_050.r1.pdb,Lsb001_60,SCORE:,-650.948,-2.712,-22.458,-1.965,-20.181,-1.766,556.981,1142.854,585.873,3.0,-0.477,-1294.45,258.458,-441.482,2.435,38.134,222.732,779.29,0.302,-57.182,-116.543,-52.32,-23.62,4.0,-18.332,240.0,23.0,34.924,-62.37,0.637,-0.37,4.036,-3.422,78.95,0.575,-2.499,-32.483,2.397,23.967,0.29,Lsb001_60_0001_0001
61,Lsb001,alphafold2_multimer_v1_model_2_seed_000,4,87.0,0.544,0.201,0.2696,vhh_al_001/af_m/0_v1_dt/Lsb001_unrelaxed_rank_004_alphafold2_multimer_v1_model_2_seed_000.r4.pdb,Lsb001_61,SCORE:,-675.137,-2.813,-39.118,-2.405,-36.674,-2.255,887.503,1626.466,738.963,8.0,-0.334,-1304.441,275.936,-442.69,2.366,37.047,205.716,767.995,0.296,-55.368,-117.438,-63.209,-24.927,10.0,-17.507,240.0,40.0,40.199,-63.82,0.61,-1.219,1.231,4.948,78.95,0.565,-2.043,-40.868,-0.395,-7.902,0.209,Lsb001_61_0001_0001
62,Lsb001,alphafold2_multimer_v3_model_5_seed_025,5,79.9,0.531,0.194,0.2614,vhh_al_001/af_m/24_v3_d/Lsb001_unrelaxed_rank_005_alphafold2_multimer_v3_model_5_seed_025.r5.pdb,Lsb001_62,SCORE:,-729.61,-3.04,-23.899,-1.96,-23.839,-1.955,683.54,1219.143,535.603,2.0,-1.195,-1272.493,265.758,-439.817,2.402,36.62,164.738,745.631,0.073,-57.436,-117.088,-61.194,-24.892,1.0,-12.711,240.0,29.0,29.854,-61.814,0.741,-2.503,2.048,-7.257,78.95,0.546,-2.349,-42.277,-2.755,-30.3,0.285,Lsb001_62_0001_0001
63,Lsb001,alphafold2_multimer_v2_model_2_seed_018,2,82.7,0.54,0.191,0.2608,vhh_al_001/af_m/18_v2_dt/Lsb001_unrelaxed_rank_005_alphafold2_multimer_v2_model_2_seed_018.r2.pdb,Lsb001_63,SCORE:,-733.088,-3.056,-37.389,-2.984,-31.745,-2.534,813.03,1252.822,439.792,4.0,-1.529,-1272.416,263.029,-436.746,2.427,39.185,163.087,739.642,0.244,-59.634,-119.069,-49.744,-23.296,7.0,-19.57,240.0,31.0,30.667,-62.846,0.712,-2.989,1.186,-7.025,78.95,0.637,-3.0,-57.003,-2.972,-35.667,0.613,Lsb001_63_0001_0001
64,Lsb001,alphafold2_multimer_v3_model_5_seed_012,1,80.2,0.541,0.187,0.2578,vhh_al_001/af_m/12_v3_dt/Lsb001_unrelaxed_rank_003_alphafold2_multimer_v3_model_5_seed_012.r1.pdb,Lsb001_64,SCORE:,-735.148,-3.063,-27.94,-2.25,-26.867,-2.164,674.758,1241.791,567.032,3.0,-1.364,-1276.527,259.113,-441.01,2.384,36.96,160.616,759.461,0.228,-64.962,-118.561,-50.699,-22.72,5.0,-20.474,240.0,30.0,28.861,-64.322,0.677,-2.703,2.018,-3.289,78.95,0.595,-2.894,-49.205,-2.452,-31.874,0.417,Lsb001_64_0001_0001
65,Lsb001,alphafold2_multimer_v1_model_4_seed_050,0,89.5,0.539,0.186,0.2566,vhh_al_001/af_m/48_v1_t/Lsb001_unrelaxed_rank_002_alphafold2_multimer_v1_model_4_seed_050.r0.pdb,Lsb001_65,SCORE:,-733.918,-3.058,-30.26,-2.425,-27.569,-2.21,711.952,1247.713,535.76,5.0,-0.54,-1248.202,266.136,-438.034,2.349,36.014,154.987,727.362,0.257,-63.743,-118.911,-55.182,-21.858,5.0,-15.118,240.0,28.0,29.352,-64.368,0.634,-2.653,1.621,-5.375,78.95,0.59,-2.882,-40.353,-2.425,-33.944,0.642,Lsb001_65_0001_0001
66,Lsb001,alphafold2_multimer_v2_model_1_seed_014,5,82.8,0.537,0.186,0.2562,vhh_al_001/af_m/12_v2_t/Lsb001_unrelaxed_rank_001_alphafold2_multimer_v2_model_1_seed_014.r5.pdb,Lsb001_66,SCORE:,-726.865,-3.029,-23.684,-2.538,-22.453,-2.406,488.178,933.292,445.114,2.0,-0.46,-1272.31,268.712,-429.736,2.361,37.911,163.424,748.784,0.321,-56.73,-120.232,-54.766,-25.612,5.0,-22.454,240.0,22.0,26.873,-62.899,0.635,-2.358,1.227,-10.64,78.95,0.599,-2.356,-25.912,-2.361,-25.971,0.733,Lsb001_66_0001_0001
67,Lsb001,alphafold2_multimer_v2_model_2_seed_038,2,81.9,0.539,0.183,0.2542,vhh_al_001/af_m/36_v2_t/Lsb001_unrelaxed_rank_001_alphafold2_multimer_v2_model_2_seed_038.r2.pdb,Lsb001_67,SCORE:,-733.852,-3.058,-20.081,-2.425,-17.754,-2.144,353.184,828.009,474.825,4.0,-1.579,-1277.931,261.068,-442.823,2.391,39.095,159.175,766.245,0.504,-61.977,-119.659,-56.461,-23.891,8.0,-17.193,240.0,17.0,27.22,-61.299,0.682,-1.969,1.479,-7.458,78.95,0.546,-1.463,-13.163,-2.538,-20.303,0.794,Lsb001_67_0001_0001
68,Lsb001,alphafold2_multimer_v3_model_5_seed_055,4,81.9,0.537,0.182,0.253,vhh_al_001/af_m/54_v3_d/Lsb001_unrelaxed_rank_004_alphafold2_multimer_v3_model_5_seed_055.r4.pdb,Lsb001_68,SCORE:,-726.767,-3.028,-24.315,-2.282,-21.567,-2.024,608.364,1065.594,457.23,2.0,-0.768,-1272.452,259.883,-436.267,2.364,37.408,163.005,755.125,0.293,-65.535,-118.01,-54.227,-24.518,7.0,-15.985,240.0,23.0,28.799,-64.058,0.58,-2.285,1.459,-2.739,78.95,0.671,-2.358,-25.939,-2.218,-26.613,0.797,Lsb001_68_0001_0001
69,Lsb001,alphafold2_multimer_v3_model_5_seed_039,1,80.5,0.527,0.181,0.2502,vhh_al_001/af_m/36_v3/Lsb001_unrelaxed_rank_005_alphafold2_multimer_v3_model_5_seed_039.r1.pdb,Lsb001_69,SCORE:,-728.621,-3.035,-34.516,-1.88,-28.082,-1.53,871.25,1835.853,964.604,18.0,-1.433,-1291.195,263.883,-446.523,2.407,40.115,163.065,783.511,0.238,-60.357,-116.156,-59.41,-22.097,6.0,-18.668,240.0,46.0,32.03,-67.959,0.674,-2.257,1.141,-10.293,78.95,0.554,-2.753,-66.063,-1.716,-37.756,0.368,Lsb001_69_0001_0001
70,Lsb001,alphafold2_multimer_v3_model_2_seed_030,10,82.6,0.532,0.178,0.2488,vhh_al_001/af_m/30_v3_dt/Lsb001_unrelaxed_rank_001_alphafold2_multimer_v3_model_2_seed_030.r10.pdb,Lsb001_70,SCORE:,-737.546,-3.073,-32.408,-2.242,-28.259,-1.955,739.634,1445.293,705.659,5.0,-0.623,-1275.451,262.873,-446.043,2.366,36.142,158.807,755.1,0.148,-64.066,-117.475,-49.061,-24.169,5.0,-16.566,240.0,36.0,29.513,-65.455,0.64,-2.37,1.39,-3.914,78.95,0.67,-2.586,-46.539,-2.155,-38.783,0.135,Lsb001_70_0001_0001
71,Lsb001,alphafold2_multimer_v3_model_2_seed_034,5,82.2,0.532,0.177,0.248,vhh_al_001/af_m/30_v3_m1/Lsb001_unrelaxed_rank_002_alphafold2_multimer_v3_model_2_seed_034.r5.pdb,Lsb001_71,SCORE:,-733.999,-3.058,-43.84,-2.807,-38.574,-2.469,836.476,1562.035,725.559,9.0,-0.71,-1291.824,271.158,-448.993,2.47,37.424,167.772,766.013,0.252,-73.289,-115.708,-51.139,-24.426,8.0,-16.759,240.0,39.0,31.086,-63.592,0.725,-2.541,1.142,-4.024,78.95,0.585,-3.037,-57.706,-2.07,-41.4,0.449,Lsb001_71_0001_0001
72,Lsb001,alphafold2_multimer_v2_model_3_seed_000,2,81.3,0.53,0.176,0.2468,vhh_al_001/af_m/0_v2_dt/Lsb001_unrelaxed_rank_001_alphafold2_multimer_v2_model_3_seed_000.r2.pdb,Lsb001_72,SCORE:,-737.423,-3.073,-25.251,-2.832,-23.854,-2.675,573.019,891.704,318.685,2.0,-1.101,-1276.03,253.351,-429.792,2.376,39.7,169.197,750.37,0.147,-61.496,-120.704,-52.731,-24.401,2.0,-20.214,240.0,24.0,30.868,-66.65,0.624,-2.337,1.054,-10.248,78.95,0.624,-2.611,-26.115,-2.141,-29.97,0.077,Lsb001_72_0001_0001
73,Lsb001,alphafold2_multimer_v3_model_2_seed_030,9,82.3,0.527,0.173,0.2438,vhh_al_001/af_m/30_v3_dt/Lsb001_unrelaxed_rank_001_alphafold2_multimer_v3_model_2_seed_030.r9.pdb,Lsb001_73,SCORE:,-743.378,-3.098,-24.187,-2.275,-21.654,-2.037,650.525,1063.148,412.623,4.0,-1.718,-1271.816,260.444,-434.236,2.379,38.079,155.023,745.937,0.26,-60.606,-117.475,-55.576,-22.923,4.0,-21.164,240.0,25.0,30.471,-63.841,0.617,-2.459,1.005,-7.128,78.95,0.567,-2.359,-30.673,-2.566,-30.795,0.817,Lsb001_73_0001_0001
74,Lsb001,alphafold2_multimer_v2_model_2_seed_026,5,82.8,0.527,0.169,0.2406,vhh_al_001/af_m/24_v2_t/Lsb001_unrelaxed_rank_001_alphafold2_multimer_v2_model_2_seed_026.r5.pdb,Lsb001_74,SCORE:,-744.257,-3.101,-27.684,-2.098,-26.134,-1.98,661.351,1319.713,658.362,11.0,-1.422,-1282.886,260.547,-429.384,2.426,37.644,157.268,747.802,0.272,-54.102,-118.522,-51.066,-25.636,6.0,-21.172,240.0,30.0,25.042,-64.814,0.601,-2.311,1.343,-6.524,78.95,0.495,-2.41,-38.562,-2.197,-30.761,0.247,Lsb001_74_0001_0001
75,Lsb001,alphafold2_multimer_v3_model_5_seed_034,1,80.3,0.525,0.168,0.2394,vhh_al_001/af_m/30_v3_m1/Lsb001_unrelaxed_rank_005_alphafold2_multimer_v3_model_5_seed_034.r1.pdb,Lsb001_75,SCORE:,-736.014,-3.067,-34.716,-2.723,-31.934,-2.504,768.621,1275.149,506.528,3.0,-0.583,-1269.227,259.571,-438.346,2.373,35.809,157.67,748.759,0.248,-61.543,-117.623,-48.316,-23.079,5.0,-20.327,240.0,35.0,26.533,-61.274,0.625,-2.565,1.368,-6.88,78.95,0.577,-2.794,-50.288,-2.323,-39.493,0.152,Lsb001_75_0001_0001
76,Lsb001,alphafold2_multimer_v2_model_1_seed_038,1,83.3,0.525,0.168,0.2394,vhh_al_001/af_m/36_v2_t/Lsb001_unrelaxed_rank_002_alphafold2_multimer_v2_model_1_seed_038.r1.pdb,Lsb001_76,SCORE:,-750.253,-3.126,-35.521,-3.202,-31.744,-2.861,628.077,1109.422,481.345,0.0,-0.761,-1285.475,256.201,-443.963,2.406,38.242,165.072,757.194,0.272,-65.758,-119.093,-48.364,-24.907,7.0,-21.215,240.0,33.0,28.758,-63.556,0.7,-2.938,1.286,-5.45,78.95,0.671,-3.0,-47.993,-2.88,-48.965,0.177,Lsb001_76_0001_0001
77,Lsb001,alphafold2_multimer_v3_model_2_seed_034,4,81.9,0.527,0.166,0.2382,vhh_al_001/af_m/30_v3_m1/Lsb001_unrelaxed_rank_002_alphafold2_multimer_v3_model_2_seed_034.r4.pdb,Lsb001_77,SCORE:,-727.365,-3.031,-37.492,-2.948,-35.135,-2.763,755.238,1271.754,516.515,8.0,-0.634,-1284.264,256.977,-432.225,2.35,36.725,165.353,754.204,0.236,-59.059,-112.338,-60.042,-26.52,7.0,-19.42,240.0,30.0,31.763,-61.74,0.603,-2.6,1.985,0.108,78.95,0.678,-2.671,-40.066,-2.529,-37.935,0.461,Lsb001_77_0001_0001
78,Lsb001,alphafold2_multimer_v3_model_5_seed_024,4,80.6,0.526,0.165,0.2372,vhh_al_001/af_m/24_v3_dt/Lsb001_unrelaxed_rank_005_alphafold2_multimer_v3_model_5_seed_024.r4.pdb,Lsb001_78,SCORE:,-722.456,-3.01,-53.764,-3.148,-50.27,-2.944,841.479,1707.75,866.271,11.0,-1.358,-1297.568,272.34,-448.043,2.474,37.614,172.533,769.565,0.302,-68.858,-115.155,-52.598,-22.22,13.0,-16.645,240.0,41.0,35.177,-63.895,0.679,-2.625,2.445,-7.418,78.95,0.613,-2.809,-58.983,-2.432,-48.639,0.203,Lsb001_78_0001_0001
79,Lsb001,alphafold2_multimer_v3_model_5_seed_059,0,78.5,0.535,0.162,0.2366,vhh_al_001/af_m/54_v3_m2/Lsb001_unrelaxed_rank_004_alphafold2_multimer_v3_model_5_seed_059.r0.pdb,Lsb001_79,SCORE:,-726.028,-3.025,-40.473,-2.526,-35.313,-2.204,902.388,1602.233,699.846,7.0,-1.128,-1284.24,276.204,-442.471,2.39,37.094,172.298,754.877,0.141,-63.79,-114.568,-54.754,-24.092,4.0,-18.55,240.0,43.0,29.101,-65.419,0.677,-2.454,1.352,-9.739,78.95,0.631,-2.182,-48.004,-2.739,-57.513,0.458,Lsb001_79_0001_0001
80,Lsb001,alphafold2_multimer_v1_model_1_seed_018,1,86.6,0.533,0.162,0.2362,vhh_al_001/af_m/18_v1_dt/Lsb001_unrelaxed_rank_001_alphafold2_multimer_v1_model_1_seed_018.r1.pdb,Lsb001_80,SCORE:,-712.123,-2.967,-21.973,-2.321,-18.571,-1.962,534.446,946.752,412.306,0.0,-1.175,-1265.836,258.288,-440.055,2.382,38.061,184.361,752.694,0.332,-53.569,-120.035,-66.4,-25.938,5.0,-16.417,240.0,23.0,29.476,-65.804,0.564,-1.158,2.395,-3.909,78.95,0.602,-1.499,-17.991,-0.785,-8.638,0.407,Lsb001_80_0001_0001
81,Lsb001,alphafold2_multimer_v2_model_1_seed_024,2,83.0,0.528,0.16,0.2336,vhh_al_001/af_m/24_v2_dt/Lsb001_unrelaxed_rank_001_alphafold2_multimer_v2_model_1_seed_024.r2.pdb,Lsb001_81,SCORE:,-728.993,-3.04,-18.811,-2.451,-17.072,-2.225,459.31,767.335,308.026,0.0,-0.556,-1274.695,256.271,-435.342,2.34,38.652,159.594,757.157,0.236,-57.785,-117.734,-50.095,-25.561,3.0,-19.745,240.0,20.0,28.154,-61.876,0.657,-1.965,1.672,-9.012,78.95,0.693,-1.803,-18.031,-2.127,-21.265,0.618,Lsb001_81_0001_0001
82,Lsb001,alphafold2_multimer_v3_model_2_seed_053,11,81.3,0.527,0.155,0.2294,vhh_al_001/af_m/48_v3_m2/Lsb001_unrelaxed_rank_005_alphafold2_multimer_v3_model_2_seed_053.r11.pdb,Lsb001_82,SCORE:,-732.287,-3.051,-32.473,-2.466,-30.182,-2.292,872.677,1316.98,444.303,7.0,-0.904,-1280.468,266.0,-439.275,2.443,38.033,163.77,747.455,0.028,-52.26,-120.152,-46.353,-25.344,2.0,-21.634,240.0,33.0,31.069,-64.981,0.662,-2.58,1.173,-9.959,78.95,0.614,-2.667,-45.332,-2.489,-39.817,0.147,Lsb001_82_0001_0001
83,Lsb001,alphafold2_multimer_v2_model_2_seed_020,0,82.6,0.517,0.125,0.2034,vhh_al_001/af_m/18_v2_t/Lsb001_unrelaxed_rank_001_alphafold2_multimer_v2_model_2_seed_020.r0.pdb,Lsb001_83,SCORE:,-749.843,-3.125,-38.181,-2.743,-37.126,-2.667,789.903,1392.011,602.109,3.0,-0.972,-1284.075,259.518,-431.312,2.408,37.38,161.158,743.596,0.158,-58.831,-114.074,-55.174,-24.489,5.0,-20.725,240.0,34.0,28.475,-65.351,0.627,-3.221,1.117,-7.846,78.95,0.596,-3.36,-60.471,-3.065,-49.04,0.404,Lsb001_83_0001_0001
84,Lsb001,alphafold2_multimer_v2_model_1_seed_038,0,82.8,0.515,0.113,0.1934,vhh_al_001/af_m/36_v2_t/Lsb001_unrelaxed_rank_002_alphafold2_multimer_v2_model_1_seed_038.r0.pdb,Lsb001_84,SCORE:,-750.216,-3.127,-24.191,-2.016,-22.507,-1.875,656.462,1200.109,543.647,5.0,-0.126,-1273.956,257.76,-436.579,2.349,37.69,159.208,743.865,0.13,-67.697,-116.646,-46.469,-24.328,4.0,-18.928,240.0,28.0,32.568,-65.423,0.614,-2.848,1.474,-14.53,78.95,0.628,-3.082,-43.146,-2.615,-36.606,0.6,Lsb001_84_0001_0001
